census_tract,total_pop,white_pop,black_pop,asian_pop,median_income
17031010100,4534,2005,1751,81,60316
17031010201,8232,2663,3269,365,43750
17031010202,3124,1206,1032,174,45096
17031010300,6085,3057,1759,215,60846
17031010400,4587,3619,498,240,43024
17031010501,4057,2487,984,274,47364
17031010502,2816,1690,508,168,48831
17031010503,2182,1682,258,109,16399
17031010600,6553,3743,1422,265,58993
17031010701,3646,1735,704,200,64007
17031010702,5014,1654,2041,215,48799
17031020100,3972,1374,1359,194,50041
17031020200,7159,3452,636,1175,99987
17031020301,5303,4279,163,486,62917
17031020302,5348,3764,474,605,78987
17031020400,4115,1936,894,507,63092
17031020500,6560,2149,949,2519,38271
17031020601,5937,3850,238,1330,57250
17031020602,5823,2734,494,1279,78293
17031020701,1728,1253,154,139,83571
17031020702,8659,5162,202,2194,55451
17031020801,6025,3304,916,907,57127
17031020802,8514,3010,463,2700,57224
17031020901,6237,2192,1659,1469,47316
17031020902,4517,1936,849,1385,42816
17031030101,3699,1647,866,745,40776
17031030102,3147,1414,437,941,47366
17031030103,2459,1344,522,299,54519
17031030104,3245,2153,227,588,36318
17031030200,5995,4125,175,193,92260
17031030300,3828,1878,562,594,52382
17031030400,2764,1963,152,207,92650
17031030500,6703,5027,381,180,101063
17031030601,3789,1755,971,821,46250
17031030603,2361,1376,623,240,45263
17031030604,3234,1865,694,413,55093
17031030701,1509,767,511,156,40357
17031030702,2323,1412,53,707,66016
17031030703,2995,1880,523,179,51750
17031030706,2720,1731,457,460,58639
17031030800,4164,3374,200,282,87065
17031030900,3149,2322,165,407,93093
17031031000,3830,3041,60,206,98929
17031031100,4685,3586,315,304,77672
17031031200,5878,2156,2037,889,29214
17031031300,7237,4209,1114,1364,58828
17031031400,4934,3856,219,519,80580
17031031501,4684,1601,1715,827,43416
17031031502,4878,1889,2176,109,40074
17031031700,6355,4676,911,339,74615
17031031800,2014,1259,92,264,76921
17031031900,2599,2015,263,146,87694
17031032100,7944,5647,556,1137,68444
17031040100,3982,2954,371,111,90000
17031040201,6980,5280,149,540,91436
17031040202,7726,3448,393,1769,48262
17031040300,2988,1651,216,855,94973
17031040401,3440,2542,150,240,111389
17031040402,4621,3756,75,261,91016
17031040600,2817,2119,250,9,83042
17031040700,3667,2853,130,387,103690
17031040800,1689,1393,32,86,94943
17031040900,1816,1661,11,59,76538
17031050100,2769,2359,62,121,119622
17031050200,5915,4681,62,310,134773
17031050300,2755,1780,16,468,149034
17031050500,5587,4674,2,437,132500
17031050600,2188,1939,12,92,105469
17031050700,1501,1324,0,32,115787
17031050800,1439,987,59,77,150250
17031050900,1532,1269,37,49,121071
17031051000,1746,1462,47,97,156898
17031051100,1939,1514,22,74,161750
17031051200,1564,1303,43,60,154114
17031051300,3249,2670,245,28,199977
17031051400,2428,1756,172,308,138250
17031060100,3211,2594,123,271,105875
17031060200,2188,1795,46,58,83854
17031060300,2902,2271,52,215,123750
17031060400,3804,3398,16,234,146111
17031060500,1241,912,31,209,52652
17031060800,5203,3798,227,637,77436
17031060900,7223,6000,193,516,80670
17031061000,2283,1725,36,425,111728
17031061100,1399,1140,57,28,92750
17031061200,2095,1853,34,67,120865
17031061500,2050,1711,81,66,126750
17031061800,1305,1008,24,172,65238
17031061901,3348,2377,283,263,54192
17031061902,4988,3975,333,501,79254
17031062000,3181,2626,115,109,98828
17031062100,3521,2989,121,294,96510
17031062200,3145,2694,41,195,165083
17031062300,1639,1337,33,109,181250
17031062400,1622,1432,79,10,141328
17031062500,1557,1324,45,168,157143
17031062600,2474,1938,17,287,187857
17031062700,3066,2617,38,147,139477
17031062800,3613,3162,55,163,154911
17031062900,3956,2974,166,263,146341
17031063000,3315,2548,164,243,99792
17031063100,2343,2050,0,118,96188
17031063200,6387,5500,365,316,68710
17031063301,3008,2208,298,206,63889
17031063302,4010,3464,121,298,84319
17031063303,1180,981,0,194,93625
17031063400,2737,2253,88,243,113512
17031070101,4054,3430,78,189,81708
17031070102,3359,2756,245,138,87912
17031070103,1408,1165,86,104,72625
17031070200,4092,3278,143,335,103402
17031070300,3558,3187,26,160,177351
17031070400,3420,2902,77,305,210147
17031070500,3264,2763,195,125,144389
17031070600,3235,2853,10,210,250001
17031070700,3834,2595,365,492,150903
17031071000,4918,4070,311,328,203491
17031071100,3425,2694,31,403,190380
17031071200,2217,1699,133,175,132000
17031071300,3996,3307,29,464,101848
17031071400,4799,4080,197,289,109174
17031071500,6110,5272,135,424,101594
17031071600,1969,1579,131,196,166875
17031071700,1628,1249,167,179,146875
17031071800,2752,2173,265,257,192102
17031080100,6886,6023,41,561,114375
17031080201,3199,2764,65,202,120203
17031080202,3758,3338,76,163,98897
17031080300,5018,4004,33,772,145759
17031080400,4699,1672,2291,330,-666666666
17031081000,8485,5952,1032,1010,76369
17031081100,4453,3483,366,311,83763
17031081201,4684,3836,129,501,122212
17031081202,3275,2768,110,104,174151
17031081300,5860,4491,306,707,107841
17031081401,2247,1689,53,277,75278
17031081402,5613,3476,276,1352,126910
17031081403,8984,5542,174,2757,104447
17031081500,4766,2871,103,1673,131579
17031081600,3659,2826,97,465,126705
17031081700,4677,3339,197,682,116719
17031081800,11295,8515,217,1270,159515
17031081900,1197,799,305,55,175833
17031090100,3492,3080,36,159,115161
17031090200,6540,5957,40,77,114385
17031090300,1462,1250,0,0,103421
17031100100,5831,5132,0,110,100985
17031100200,7309,5295,233,397,101330
17031100300,6393,5670,87,236,75763
17031100400,3476,2847,3,321,127019
17031100500,5629,4601,1,287,92576
17031100600,5093,3671,42,365,68417
17031100700,5504,4528,63,632,107723
17031110100,5777,4160,47,998,88630
17031110200,2857,2243,214,121,68043
17031110300,5537,3787,13,652,101375
17031110400,4551,3100,110,369,73633
17031110501,5087,3321,271,709,95609
17031110502,3363,2173,106,423,63891
17031120100,4470,3975,1,238,148306
17031120200,4862,3832,95,682,129028
17031120300,7214,5879,4,859,136316
17031120400,3765,2326,0,795,112639
17031130100,4888,3284,108,1250,50385
17031130200,1497,935,18,181,97361
17031130300,5481,2391,217,2021,61905
17031140100,3334,1821,187,244,65388
17031140200,6669,2808,391,1003,63241
17031140301,2983,634,33,729,63289
17031140302,3685,1798,215,455,66895
17031140400,5765,3266,98,1175,87308
17031140500,3466,1712,172,406,77120
17031140601,2821,1264,312,441,77727
17031140602,4972,2338,482,384,54679
17031140701,3046,1081,182,620,79211
17031140702,5806,2730,122,374,61500
17031140800,6100,4181,41,288,88836
17031150200,7556,5307,105,685,77538
17031150300,7373,5826,113,432,77384
17031150401,4925,3206,70,534,69925
17031150402,3795,2595,160,180,88320
17031150501,3803,2598,38,475,114375
17031150502,4222,2710,100,480,68997
17031150600,4378,2654,73,324,85570
17031150700,4375,2861,111,256,89554
17031150800,5152,2853,129,33,81164
17031151001,2870,1406,9,160,85670
17031151002,5363,2254,99,24,68906
17031151100,5683,3311,59,358,69875
17031151200,3886,2567,12,232,80907
17031160100,2847,1896,0,469,88625
17031160200,3325,2588,87,365,113482
17031160300,3475,2329,145,515,74125
17031160400,4790,3200,118,380,70764
17031160501,3718,1895,433,433,75563
17031160502,3919,2341,72,261,82742
17031160601,3196,2109,97,213,73796
17031160602,3743,2293,110,261,78250
17031160700,6275,3957,254,531,76469
17031160800,5604,3177,24,283,75088
17031160900,2512,1673,101,178,91615
17031161000,2098,1603,43,93,95144
17031161100,2171,1601,225,65,137750
17031161200,2945,1787,135,218,62833
17031161300,3662,2171,87,77,49460
17031170100,2125,1689,110,205,48438
17031170200,3969,2565,4,176,80550
17031170300,5225,3663,14,195,78913
17031170400,4334,3045,205,178,85066
17031170500,5309,4098,82,399,91713
17031170600,2390,1875,35,172,70925
17031170700,3357,2681,0,144,75854
17031170800,4086,2843,387,335,62165
17031170900,2161,1422,0,19,74706
17031171000,6807,4799,500,277,80034
17031171100,4514,2793,152,302,84777
17031180100,6463,4200,175,175,61368
17031190100,2353,884,54,50,48352
17031190200,6283,2112,433,210,72667
17031190300,5725,3875,96,187,73444
17031190401,4227,1947,126,341,77063
17031190402,5306,3023,61,36,52115
17031190601,4616,2060,183,0,63589
17031190602,5551,2712,188,55,56689
17031190701,3066,1739,48,42,59000
17031190702,5127,2227,249,0,49125
17031190800,6533,2451,207,81,54617
17031190900,2078,1262,122,67,64242
17031191000,2731,1370,76,144,59000
17031191100,6748,3094,284,227,55907
17031191200,4127,1828,153,19,54938
17031191301,5405,1931,161,444,57981
17031191302,4849,2014,259,39,67572
17031200100,3673,1693,41,306,63523
17031200200,4248,1836,205,125,61319
17031200300,1977,1033,216,8,56125
17031200401,3269,1576,167,0,64559
17031200402,5179,2476,166,187,68872
17031210100,4162,2614,126,226,94781
17031210400,2325,1165,52,60,55455
17031210501,2719,1807,64,231,54481
17031210502,4652,2019,231,118,65968
17031210601,3026,1439,50,423,85545
17031210602,4128,2351,31,250,94605
17031210700,3795,2628,97,78,77442
17031210800,1150,691,9,0,67308
17031210900,3157,2023,186,183,95975
17031220300,2027,1401,48,152,96641
17031220400,2819,2221,10,239,95962
17031220500,2512,1780,119,121,86953
17031220601,1535,1126,104,35,113063
17031220602,4534,3030,542,284,61159
17031220701,3080,1879,169,42,70022
17031220702,4129,2567,197,108,71174
17031220901,2943,1749,426,30,74167
17031220902,3139,1942,68,60,69167
17031221000,2570,1699,161,39,82813
17031221100,4498,2917,452,169,78073
17031221200,3074,2071,363,131,124450
17031221300,3021,1927,204,167,69643
17031221400,3246,2151,194,224,97404
17031221500,2763,2050,401,32,62952
17031221600,3468,2593,109,375,143750
17031222200,2320,1977,82,134,167188
17031222500,1574,1152,53,36,103125
17031222600,1650,1086,101,83,75078
17031222700,2357,1406,92,28,75943
17031222800,1000,475,115,3,80850
17031222900,1052,590,153,0,74940
17031230100,1743,1039,231,68,84583
17031230200,1979,1262,180,49,64844
17031230300,825,374,87,0,52557
17031230400,2281,1068,30,48,76286
17031230500,3379,1150,320,197,24250
17031230600,8743,2983,2277,0,50603
17031230700,5847,1921,638,0,42891
17031230800,1084,609,59,0,61111
17031230900,5031,2325,834,77,60337
17031231100,1331,30,869,6,55714
17031231200,6292,560,4494,1,39042
17031231500,5865,284,4373,0,30341
17031240200,1811,1260,33,113,144659
17031240300,1294,964,76,135,139432
17031240500,2518,2112,49,190,167768
17031240600,1641,1188,161,117,144286
17031240700,1704,1191,199,73,93534
17031240800,1430,964,39,103,91964
17031240900,1094,578,151,190,66250
17031241000,1837,1260,138,113,80000
17031241100,3692,2500,419,149,82830
17031241200,1663,1237,97,182,116346
17031241300,1981,1524,169,134,158750
17031241400,6005,4752,472,319,149792
17031241500,2772,2256,38,144,158750
17031241600,3486,2808,49,198,107031
17031242000,4472,2711,766,550,133017
17031242100,3934,2955,16,301,177356
17031242200,3972,3271,266,126,147206
17031242300,3636,3235,14,99,94670
17031242400,2851,2547,56,89,94659
17031242500,3362,2470,325,151,79722
17031242600,5533,3566,937,18,80217
17031242700,1823,1119,319,44,65781
17031242800,1561,1376,12,33,127813
17031242900,1869,1243,98,116,122857
17031243000,2201,1382,28,142,106250
17031243100,2225,1547,18,144,103750
17031243200,2154,1644,162,175,118553
17031243300,2191,1720,88,88,115855
17031243400,3013,2177,78,212,101450
17031243500,4362,2804,747,220,148646
17031250200,3183,758,1602,0,55208
17031250300,5095,578,3396,27,42935
17031250400,5467,792,4077,0,47500
17031250500,6727,3255,1651,134,104659
17031250600,4658,283,3741,0,56985
17031250700,5965,369,4419,0,43358
17031250800,2525,142,2201,9,61229
17031251000,1106,70,734,0,29915
17031251100,4767,757,3412,1,29460
17031251200,4107,360,2950,0,42522
17031251300,4231,114,3730,0,37026
17031251400,3771,518,3140,0,18806
17031251500,4305,452,3535,61,38702
17031251600,4518,6,3370,0,32593
17031251700,1368,167,1033,0,52031
17031251800,4973,146,4454,0,26940
17031251900,5476,108,5070,0,26830
17031252000,5557,208,5135,0,27156
17031252101,1322,23,1277,0,-666666666
17031252102,6752,176,5519,0,45969
17031252201,2760,141,2539,7,39702
17031252202,4795,36,4624,84,37188
17031260100,1075,84,899,3,21188
17031260200,1170,20,1070,0,41506
17031260300,1842,56,1644,0,18803
17031260400,1238,0,1228,0,-666666666
17031260500,1791,17,1772,0,40985
17031260600,2324,64,2228,10,43427
17031260700,1602,28,1477,0,30694
17031260800,2337,126,2112,0,37708
17031260900,1467,183,1234,0,24112
17031261000,2443,60,2352,0,40684
17031270500,1302,25,1277,0,19107
17031271200,1283,59,1148,13,27784
17031271300,1033,11,902,20,33750
17031271400,1350,114,1074,21,27273
17031271500,1440,68,1266,0,37857
17031271800,554,0,535,0,50441
17031280100,7016,5179,131,1385,131742
17031280400,1471,346,1013,22,65972
17031280800,863,86,760,0,21786
17031280900,1075,95,897,83,-666666666
17031281900,6592,3411,186,2389,118669
17031282700,2275,802,819,259,77826
17031282800,1610,661,164,236,74158
17031283100,2980,811,739,976,41555
17031283200,1787,542,891,175,53153
17031283800,3656,1186,2065,321,76615
17031290900,4366,39,4313,0,31528
17031291200,1933,2,1913,0,26250
17031291600,1396,499,68,0,110167
17031292200,2580,115,2213,32,32192
17031292400,1880,434,1445,1,44801
17031292500,3698,258,2941,0,46847
17031300500,3214,1383,71,0,49500
17031300600,2862,718,351,0,46839
17031300700,4740,1891,129,66,43801
17031300800,4387,2099,0,0,30465
17031300900,3982,1405,1,0,30395
17031301100,2150,1170,42,0,34315
17031301200,5119,1817,810,42,38319
17031301600,3326,1136,113,2,28527
17031301701,3637,2021,27,91,49026
17031301702,3617,1355,0,0,40128
17031301801,4120,1807,2,0,41188
17031301802,2769,1255,30,0,37857
17031301803,3230,1917,0,0,37299
17031310200,1760,1040,78,322,96042
17031310300,1759,736,54,60,70149
17031310400,1201,426,8,125,59833
17031310500,1482,639,0,9,53923
17031310600,5598,2651,183,320,68958
17031310700,1486,601,101,162,60278
17031310800,4383,2154,45,206,59474
17031310900,4855,1996,96,40,68347
17031320101,7952,4729,536,1864,112139
17031320102,4769,3026,77,1122,178084
17031320400,3058,2075,330,457,155189
17031320600,5537,3860,450,954,113051
17031330101,4556,2922,127,1223,161990
17031330102,9253,4936,2244,1315,105639
17031330103,7928,4808,2220,819,99623
17031330200,3990,2114,1024,625,117237
17031340300,1800,493,0,1251,35761
17031340400,1584,355,33,1093,46827
17031340500,1730,957,70,571,35060
17031340600,1105,75,920,58,13897
17031350100,2459,226,827,1325,56593
17031350400,1859,8,1840,0,18368
17031351000,3357,124,2522,392,52877
17031351100,2230,14,2013,0,14463
17031351400,1535,85,1279,37,15865
17031351500,910,151,564,111,-666666666
17031360200,1792,75,1674,43,25305
17031380100,1984,94,1794,1,23417
17031380200,1652,74,1487,25,22629
17031380600,4044,430,3422,104,26510
17031381200,1664,0,1595,0,38200
17031381400,1672,11,1445,57,38007
17031381500,612,14,574,5,21230
17031381700,0,0,0,0,-666666666
17031381800,1251,102,1049,28,37264
17031381900,1275,23,1126,6,55521
17031390100,1714,145,1386,36,56023
17031390200,2227,406,1495,154,95888
17031390300,2890,363,2496,0,23861
17031390400,2357,245,2018,0,22368
17031390500,1741,538,999,63,49784
17031390600,1706,780,738,108,60208
17031390700,5857,1606,3276,694,71138
17031400300,1211,44,1161,0,41875
17031400400,2152,76,2018,0,33886
17031400500,2348,28,2320,0,20827
17031400800,2462,38,2421,0,10563
17031410100,2202,867,904,203,43901
17031410200,1484,674,474,188,52344
17031410500,2891,1170,1106,442,65441
17031410600,2245,1163,455,387,34960
17031410700,2564,1324,533,427,55427
17031410800,2907,1443,476,614,49405
17031410900,3427,2054,773,316,70083
17031411000,3741,1517,1455,399,56512
17031411100,2416,1541,91,432,118082
17031411200,1646,1096,77,330,100536
17031420100,1567,63,1392,11,19608
17031420200,1753,416,1087,145,26583
17031420300,2552,1090,904,411,36031
17031420400,1173,331,633,162,24870
17031420500,1978,28,1902,41,23539
17031420600,2104,80,1984,0,30828
17031420700,2593,27,2508,0,24508
17031420800,2563,129,2198,24,41438
17031421200,1994,44,1896,0,38068
17031430101,3090,43,2987,27,22418
17031430102,3602,95,3357,29,42801
17031430200,5560,472,4962,36,29913
17031430300,2437,40,2373,1,32000
17031430400,3184,100,2949,0,37485
17031430500,3781,62,3686,0,22136
17031430600,2168,72,1989,10,52202
17031430700,2831,143,2662,0,26875
17031430800,2013,6,2007,0,40057
17031430900,1653,9,1616,2,41833
17031431200,2805,13,2750,0,58884
17031431301,3558,192,3274,29,34220
17031431302,3260,186,2894,0,25424
17031431400,7635,417,6818,109,38858
17031440101,4680,15,4525,0,29162
17031440102,3255,114,3114,0,37194
17031440201,6178,24,6000,0,29071
17031440202,2720,21,2604,0,31534
17031440300,4954,1,4952,0,51559
17031440600,1899,17,1859,0,60000
17031440700,1455,12,1443,0,72143
17031440800,1823,60,1699,21,34095
17031440900,2514,11,2503,0,52778
17031450300,3340,27,3183,8,46475
17031460100,2656,260,2073,55,44606
17031460200,2221,880,621,0,25855
17031460301,3292,560,2109,8,34643
17031460302,3796,469,3164,0,34740
17031460400,3619,9,3545,14,59688
17031460500,6115,479,5623,0,56530
17031460800,4599,893,2892,0,32003
17031461000,1284,239,818,0,14243
17031470100,2652,71,2389,0,45294
17031480100,2241,6,2203,0,62583
17031480200,1065,12,990,0,62537
17031480300,1405,11,1366,0,49970
17031480400,5346,31,5292,0,85707
17031480500,2786,154,2396,0,48875
17031490200,3202,83,3002,24,59847
17031490500,2065,79,1929,31,65179
17031490600,1512,171,1341,0,47474
17031490700,2805,5,2783,0,45000
17031490800,3663,63,3568,8,48081
17031490901,3093,1,3092,0,33661
17031490902,4573,0,4499,33,56538
17031491000,3510,28,3367,0,21940
17031491100,4469,128,4195,0,67891
17031491200,1901,148,1714,0,46667
17031491300,2179,19,2143,8,36311
17031491400,3010,43,2869,0,35437
17031500100,3308,60,3248,0,69803
17031500200,1963,43,1821,0,32888
17031500300,1876,955,529,7,46685
17031510100,3735,2403,552,0,53839
17031510200,4017,859,2920,1,46645
17031510300,4345,69,4276,0,25805
17031520100,2269,1312,0,3,61875
17031520200,3577,1486,221,16,53432
17031520300,5859,3242,0,64,46471
17031520400,4805,3135,17,5,44206
17031520500,5264,3058,85,41,73333
17031520600,2655,1479,117,0,81742
17031530100,1937,584,905,0,34091
17031530200,4406,37,3851,0,39801
17031530300,3974,16,3836,0,52485
17031530400,2215,65,2058,0,65729
17031530501,5007,77,4841,0,48426
17031530502,1494,0,1494,0,66111
17031530503,5574,108,5297,0,52045
17031530600,2344,14,2245,0,37321
17031540101,4535,163,4228,0,14424
17031540102,3399,6,3369,0,26518
17031550100,6494,4405,610,0,57780
17031550200,2749,1847,107,0,62905
17031560100,1331,540,306,100,34688
17031560200,1547,260,907,10,48906
17031560300,3213,1931,58,21,56806
17031560400,1608,986,0,52,68750
17031560700,3682,2281,1,34,70076
17031560800,6077,4070,0,22,95077
17031560900,5394,4211,1,64,103375
17031561000,5947,5004,0,0,100531
17031561100,5748,3995,27,42,97106
17031570100,1321,564,9,120,56471
17031570200,2271,1101,0,212,-666666666
17031570300,5617,2939,125,363,46997
17031570400,1761,1045,2,38,64035
17031570500,2621,1644,0,152,52222
17031580100,2626,753,214,943,47500
17031580200,3239,1150,0,483,45577
17031580300,2536,1584,31,436,65742
17031580400,5164,1995,60,634,51043
17031580501,4773,1708,16,471,43819
17031580502,4832,1806,0,351,41303
17031580600,4941,2272,179,384,45975
17031580700,6356,1477,113,322,54233
17031580800,2110,720,0,69,52324
17031590500,1746,541,106,511,71641
17031590600,3701,1364,11,504,59714
17031590700,3016,1374,29,583,70313
17031600400,4117,1245,281,2463,57637
17031600600,3061,1320,0,1305,51250
17031600700,2703,611,0,1667,60010
17031600900,3898,1702,223,1262,65617
17031610300,5626,2219,297,174,36002
17031610400,1902,801,41,0,44632
17031610800,1551,1172,0,95,81064
17031611200,2033,831,404,9,29470
17031611300,3117,824,319,0,40203
17031611400,3309,1046,52,1,26583
17031611500,3350,1279,320,0,38956
17031611600,1742,341,1301,0,20778
17031611700,1790,650,531,0,18000
17031611800,1996,293,1318,2,47181
17031611900,1369,314,922,0,31875
17031612000,1208,97,1017,7,42292
17031612100,1024,0,786,8,22159
17031612200,3681,810,1047,109,36518
17031620100,4400,2215,0,309,66447
17031620200,2012,1408,0,66,51856
17031620300,6918,3322,116,117,58017
17031620400,4692,1916,16,112,49185
17031630300,5193,2741,146,73,53924
17031630400,6136,2903,85,42,33659
17031630500,5763,2907,2,0,45167
17031630600,2717,1257,157,70,47045
17031630800,6358,2245,100,18,57538
17031630900,4520,2066,354,199,36154
17031640100,1349,727,12,0,40307
17031640300,7550,4083,258,0,64653
17031640400,3467,2683,102,8,72839
17031640500,4025,2953,48,49,71719
17031640600,4337,2469,62,75,65714
17031640700,3237,1811,24,0,65529
17031640800,1542,947,35,29,36875
17031650100,4584,2245,38,1,53697
17031650200,7042,4250,45,130,79957
17031650301,4772,2935,82,11,63219
17031650302,4782,2735,70,0,48750
17031650400,6707,1911,153,53,61125
17031650500,4511,2267,472,0,75275
17031660301,1572,500,516,0,22443
17031660302,4640,1521,880,0,42542
17031660400,4614,1918,73,23,45071
17031660500,4364,2249,158,11,35242
17031660600,5266,1477,2298,0,29703
17031660700,1529,45,1375,5,27073
17031660800,5728,1237,2842,12,38973
17031660900,5081,815,3858,23,40459
17031661000,5576,345,3739,0,41538
17031661100,7370,1714,2331,26,66786
17031670100,1329,131,963,0,26800
17031670200,747,0,729,0,27667
17031670300,1320,103,1048,0,25789
17031670400,1626,99,1332,0,27139
17031670500,832,81,721,0,26538
17031670600,1097,147,800,0,22083
17031670700,1170,251,744,0,27413
17031670800,1077,0,1055,0,25750
17031670900,1314,144,1142,0,27465
17031671100,1033,7,990,0,13060
17031671200,815,13,802,0,39231
17031671300,1607,69,1503,0,27316
17031671400,1263,51,739,0,25981
17031671500,2263,75,2095,0,34460
17031671600,1719,63,1541,15,17831
17031671800,1242,39,1139,0,31061
17031671900,1293,137,840,29,59663
17031672000,3523,20,3065,0,39595
17031680500,1144,199,881,0,28438
17031680600,994,7,980,7,43929
17031680900,3881,85,3595,75,20370
17031681000,2107,12,2013,0,19919
17031681100,1907,4,1886,1,29031
17031681200,2124,90,1852,0,16538
17031681300,2350,14,2267,53,16209
17031681400,2129,66,2002,2,49119
17031690300,2361,71,2275,0,-666666666
17031690400,2748,0,2708,0,23389
17031690500,898,0,898,0,40179
17031690900,4109,63,3950,0,35960
17031691000,2072,35,1952,1,46683
17031691100,2911,38,2806,0,31402
17031691200,2150,10,2097,0,33656
17031691300,2445,51,2091,0,38472
17031691400,2798,0,2592,7,42841
17031691500,2002,74,1919,0,20109
17031700100,3882,1137,2337,9,71397
17031700200,6971,1832,1202,147,78581
17031700301,6693,2908,446,76,69909
17031700302,6050,3301,1019,11,77885
17031700401,6744,1007,3437,67,69255
17031700402,3502,836,2067,4,71506
17031700501,6666,715,5562,141,64250
17031700502,3707,419,3092,0,83419
17031710100,1100,0,1094,0,20797
17031710200,4471,121,4299,10,27016
17031710300,1541,65,1322,26,50284
17031710400,5615,52,5184,0,36827
17031710500,4192,92,3973,17,34555
17031710600,1859,53,1705,0,37926
17031710700,3751,17,3677,1,34097
17031710800,4650,6,4599,39,25147
17031710900,2230,38,2173,0,38462
17031711000,3946,73,3813,0,52938
17031711100,2647,87,2551,0,47198
17031711200,5035,24,4293,0,55385
17031711300,1616,39,1528,49,56444
17031711400,2701,4,2575,0,43111
17031711500,2685,14,2667,0,49639
17031720100,3332,1941,824,110,149194
17031720200,4191,1861,2081,22,95789
17031720300,3786,2391,1154,17,124836
17031720400,1904,1591,172,0,106146
17031720500,1936,1790,23,14,107727
17031720600,1777,1193,537,0,123438
17031720700,2993,726,1780,105,90625
17031730100,2748,72,2576,0,48625
17031730201,5075,194,4808,22,45481
17031730202,3064,36,2988,0,68164
17031730300,1011,0,987,10,41571
17031730400,4283,139,4052,0,82838
17031730500,4297,12,4220,0,58254
17031730600,3905,35,3827,0,58576
17031730700,2293,0,2255,0,52652
17031740100,3115,2811,40,46,95701
17031740200,6607,5717,116,89,109365
17031740300,5017,4546,78,42,125380
17031740400,4738,4169,275,155,97750
17031750100,4061,288,3697,20,50625
17031750200,2856,969,1743,0,71228
17031750300,2604,2387,143,5,100938
17031750400,2907,1905,750,63,103785
17031750500,5278,1343,3620,18,54058
17031750600,3921,73,3569,0,52833
17031760801,4814,2197,241,1829,71215
17031760802,2351,2194,32,19,66193
17031760803,6253,5098,691,211,52110
17031770201,6075,4536,129,1025,80853
17031770202,4435,3776,15,202,77235
17031770300,7034,5709,418,398,83885
17031770400,4673,3491,102,392,88029
17031770500,4331,2436,0,0,49349
17031770601,3635,2809,66,494,96125
17031770602,4899,3645,3,419,78800
17031770700,2227,1772,14,127,60547
17031770800,5583,4466,85,217,67722
17031770901,4847,4000,80,387,94188
17031770902,3588,3161,9,250,78809
17031800100,2315,2145,0,73,238542
17031800200,6509,6159,128,158,208365
17031800300,3230,2890,0,92,224808
17031800400,3782,3430,0,133,250001
17031800500,5616,5244,1,98,250001
17031800600,2264,2003,0,60,250001
17031800700,5085,4432,21,371,230972
17031800800,2509,2310,10,141,105417
17031800900,4344,2879,19,1154,117208
17031801000,5311,4063,0,1063,138897
17031801100,4939,4600,1,225,215694
17031801200,3627,3406,18,98,236250
17031801300,4432,3718,49,460,131848
17031801400,3057,2268,157,492,151661
17031801500,6370,5573,147,482,124488
17031801601,4221,3445,52,628,86250
17031801603,3989,2354,579,633,65417
17031801605,5451,4455,19,828,167045
17031801606,7232,5766,93,980,148133
17031801607,5603,3408,43,1801,129750
17031801608,6971,4579,14,2011,124855
17031801701,3815,3146,0,572,205324
17031801702,5038,4191,23,544,171694
17031801800,6027,5347,136,474,162468
17031801901,4502,3525,15,522,94938
17031801902,3904,3382,0,341,173844
17031802002,5038,4007,82,487,136058
17031802003,2359,1562,129,379,129250
17031802004,6068,3359,106,2392,36639
17031802100,3720,2970,37,335,129423
17031802200,4970,4648,18,183,146818
17031802300,5516,4295,16,906,108246
17031802402,6070,3542,258,950,72353
17031802403,1422,1259,0,123,69737
17031802404,7382,4104,208,853,59919
17031802503,7255,4864,63,1563,97050
17031802504,6724,3700,66,689,82800
17031802505,6398,2766,213,1132,65570
17031802506,2552,1300,31,247,85905
17031802605,7003,5376,32,1523,104762
17031802607,1255,1158,0,34,122500
17031802608,6163,5190,308,443,79820
17031802609,6542,3069,22,1060,56045
17031802610,2026,1446,30,484,116148
17031802701,6601,4153,186,1236,109151
17031802702,4928,3204,84,1408,105966
17031802801,4665,3689,31,428,120721
17031802802,6798,5371,46,840,122095
17031802900,6150,5678,0,202,146630
17031803005,2716,2143,31,110,92202
17031803007,5309,4202,104,568,93659
17031803008,4850,3550,132,869,137961
17031803010,4902,3932,58,611,119712
17031803012,2113,1619,43,165,76089
17031803013,5676,4823,22,234,93938
17031803014,3337,2530,25,254,71106
17031803015,4528,3632,190,353,98793
17031803016,2622,1174,122,1244,113819
17031803017,5948,4262,50,572,93693
17031803100,3433,2909,23,127,132539
17031803200,5154,4540,5,248,96330
17031803300,5905,4918,126,492,113558
17031803400,6783,5564,469,304,128063
17031803500,5640,5348,25,196,130933
17031803603,6445,4516,56,1514,179123
17031803604,4365,2985,66,661,82822
17031803605,6632,5036,496,747,84722
17031803607,4377,3766,31,207,108373
17031803608,7558,5481,720,560,87167
17031803611,6245,2684,446,589,68319
17031803612,3652,1913,286,332,62917
17031803613,3993,794,92,159,63714
17031803614,4542,2069,115,474,45288
17031803615,2386,1223,65,543,73917
17031803616,4970,3522,292,449,83535
17031803701,2693,1964,37,275,85326
17031803702,6371,5020,351,779,124023
17031803800,4378,3626,49,392,108500
17031803901,3736,2878,105,436,78608
17031803902,3570,2640,29,75,96417
17031804000,4832,3865,15,116,81804
17031804102,6839,5425,140,1036,145938
17031804104,5151,3367,25,1471,139583
17031804105,4173,3268,116,549,142866
17031804106,7361,4854,14,2030,130191
17031804108,4577,1518,408,1988,86420
17031804109,3284,2634,54,265,148393
17031804202,7815,4941,42,2628,159276
17031804203,3096,1850,0,1130,187768
17031804204,5507,3966,159,947,133542
17031804305,7627,3656,621,567,72250
17031804306,6114,3267,127,531,76708
17031804308,5200,3304,268,772,74762
17031804309,3056,1586,248,262,78041
17031804312,1783,992,0,791,142813
17031804313,6729,2964,565,1248,112750
17031804314,1375,1079,0,202,103487
17031804315,2665,1614,0,414,101754
17031804316,4926,3605,8,1045,102745
17031804403,6505,3755,139,691,81389
17031804404,5847,3376,154,254,85484
17031804405,3454,1281,475,307,70551
17031804406,5960,3069,453,539,80318
17031804505,3422,2465,88,281,71285
17031804506,5144,3364,106,869,119025
17031804508,2368,1325,198,315,61900
17031804509,6710,3326,292,548,86053
17031804510,5337,2244,293,300,72132
17031804511,2291,1043,190,399,59904
17031804512,3638,1867,376,1084,145487
17031804513,4033,2286,383,877,115067
17031804514,5637,2644,97,1942,95947
17031804603,6345,2724,708,1527,77807
17031804606,6435,4832,64,1238,120870
17031804607,7701,5101,94,1544,115994
17031804608,3536,1885,65,1135,113462
17031804609,6010,2775,159,2577,97489
17031804610,2548,1949,17,492,73125
17031804611,4135,3181,55,699,78889
17031804701,6202,2406,912,1465,73214
17031804705,4737,2525,494,1067,70759
17031804706,2320,1516,31,423,118333
17031804709,7930,4062,261,1941,82609
17031804710,3786,2770,153,647,95705
17031804711,8274,3706,1242,1881,73887
17031804712,5531,3161,993,1080,90653
17031804713,5064,2106,264,2215,86951
17031804714,3129,2183,0,627,90417
17031804715,3838,969,67,1543,53971
17031804716,4657,2170,114,1783,99500
17031804803,5568,3444,291,895,81023
17031804804,5950,3649,409,913,71789
17031804805,7230,4696,89,1289,100742
17031804806,3546,1884,409,334,81612
17031804807,5615,3893,69,472,93201
17031804808,2702,1803,76,227,122604
17031804809,4664,3795,74,595,100104
17031804810,6830,4834,413,839,73560
17031804901,6397,5562,135,334,124375
17031804902,6321,4831,51,975,113148
17031805001,4945,4607,0,96,124547
17031805002,7075,3928,208,1059,65301
17031805105,7336,4295,332,859,66642
17031805106,2864,2422,8,128,71948
17031805107,6574,2452,705,1545,64545
17031805108,6625,3551,664,1220,67724
17031805109,4695,3275,73,323,90000
17031805110,4498,3893,0,116,91688
17031805111,7939,3637,636,1361,65641
17031805112,3141,1745,17,1037,63906
17031805201,3965,2516,85,1161,100200
17031805202,3950,2363,149,1109,85000
17031805301,3073,1855,0,972,82974
17031805302,4050,2616,22,1174,95611
17031805401,4784,3745,85,595,84805
17031805402,4768,3965,72,530,92063
17031805501,3606,3051,112,135,114088
17031805502,4380,4154,10,89,134750
17031805600,4798,4418,81,155,155347
17031805701,5307,4967,49,142,144767
17031805702,2031,1849,0,73,141875
17031805801,2412,1981,8,170,110233
17031805802,5412,5041,42,168,117984
17031805901,4440,3060,220,607,79547
17031805902,6159,4458,74,968,117900
17031806001,5621,3083,160,1815,49842
17031806002,7078,3352,477,2772,60280
17031806004,9119,5572,105,2243,58369
17031806005,2918,573,41,1607,93018
17031806006,4722,2437,30,1632,64206
17031806102,4076,3097,187,625,92431
17031806103,5414,3639,53,857,92182
17031806104,4274,2011,815,1008,41354
17031806201,4767,3445,216,720,61621
17031806202,5191,3640,222,320,68376
17031806300,4490,3592,146,136,103171
17031806400,2322,1818,0,155,108529
17031806501,2422,1148,110,264,52279
17031806502,4144,2458,155,389,68500
17031806600,3459,2764,10,370,86739
17031806700,4334,3107,336,685,106528
17031806801,4421,2821,238,942,72861
17031806802,3239,1641,522,692,85813
17031806900,5742,2758,189,1573,71406
17031807000,5347,2562,976,1298,52986
17031807100,3906,2933,392,381,129766
17031807200,5850,2998,744,1497,93958
17031807300,8229,3533,640,3002,68932
17031807400,6952,3862,957,1544,79441
17031807500,3598,1938,139,1233,121144
17031807600,6373,3649,270,1954,86272
17031807700,5952,3171,500,1844,64569
17031807800,2706,1838,26,691,126927
17031807900,4150,3154,90,789,109808
17031808001,3915,2456,62,1074,101076
17031808002,5293,3358,36,1543,80730
17031808100,3892,3117,214,418,49946
17031808200,5889,3581,223,1560,85111
17031808301,5940,3274,20,2278,61034
17031808302,4836,2609,123,1859,70521
17031808400,4305,2537,29,1254,107700
17031808500,4489,3114,60,943,112361
17031808600,2272,1881,23,264,152833
17031808702,5519,3879,390,976,63333
17031808800,3955,3253,87,347,142750
17031808900,4245,3776,9,184,170089
17031809000,3973,3454,194,42,179609
17031809100,3264,2855,138,107,117500
17031809200,4578,902,2759,222,45709
17031809300,4852,2805,389,826,38385
17031809401,2831,2109,66,237,84844
17031809402,2807,1832,132,602,64318
17031809500,4211,2701,341,869,65594
17031809600,3426,1465,1200,124,52031
17031809700,4020,2127,963,248,127330
17031809800,2825,1891,399,216,87685
17031809900,2781,2219,77,291,112266
17031810000,5602,4641,144,431,110091
17031810100,4789,3175,607,394,88095
17031810200,6588,2486,2651,525,68398
17031810301,4799,2358,1177,283,81717
17031810302,3389,1851,919,170,97163
17031810400,5759,5271,65,156,125000
17031810501,5163,4721,33,175,77868
17031810502,6193,5257,128,296,79432
17031810600,4747,3350,69,547,64044
17031810701,4473,3362,0,197,55222
17031810702,4253,2723,99,182,66827
17031810800,5440,3359,46,307,89352
17031810900,6114,4183,295,220,47983
17031811000,4237,3494,18,155,94612
17031811100,6964,5064,5,0,60754
17031811200,5037,3536,0,155,73008
17031811301,4467,2794,112,70,64806
17031811302,4212,1999,232,48,52865
17031811401,5059,2243,52,288,77105
17031811402,3869,2897,13,111,67317
17031811500,6549,4416,0,99,83516
17031811600,6097,3804,111,691,55809
17031811701,3699,1702,75,346,64094
17031811702,5417,3368,159,183,49732
17031811800,5448,2790,127,75,85838
17031811900,6283,4921,365,380,145202
17031812000,5459,4959,107,178,126109
17031812100,4656,2907,1154,121,107133
17031812200,3916,2853,488,77,211354
17031812301,4902,3044,690,442,84432
17031812302,2900,2155,291,126,138092
17031812400,3276,2644,150,121,223125
17031812500,3401,2202,799,60,66720
17031812600,3554,1768,1176,299,63906
17031812700,3055,2093,611,170,72500
17031812801,3255,1786,935,241,65281
17031812802,2887,1750,620,176,87803
17031812900,4763,3629,656,134,140854
17031813000,4114,2475,1012,92,137344
17031813100,4903,2397,1097,588,115086
17031813200,4518,3212,387,312,141563
17031813301,3627,799,45,0,49500
17031813302,3075,455,156,0,50404
17031813400,8516,2595,180,81,62246
17031813500,6323,1957,442,77,64188
17031813600,5743,1245,9,19,61522
17031813701,3515,899,171,0,54853
17031813702,4702,846,640,49,73125
17031813801,3318,525,50,0,44080
17031813802,4648,1635,78,31,52379
17031813900,6889,1900,356,28,54036
17031814000,4472,1220,38,1,70294
17031814100,4459,918,63,122,44135
17031814200,7883,2161,105,9,58891
17031814300,4807,1229,86,10,47355
17031814400,7389,3674,93,24,57019
17031814500,5539,2126,216,34,74151
17031814600,6105,2522,666,286,84261
17031814700,5056,1990,121,226,76750
17031814800,5930,2583,724,248,58387
17031814900,5985,2252,1297,488,51529
17031815000,4009,1240,516,32,70505
17031815100,4973,1501,800,143,72347
17031815200,7554,3076,258,32,58568
17031815300,3737,1978,113,207,89071
17031815400,5319,3601,297,125,57868
17031815500,8292,2646,178,93,76929
17031815600,5546,4716,78,40,58709
17031815701,3900,3170,21,47,136994
17031815702,5287,4147,47,184,125115
17031815800,1776,1599,38,14,98920
17031815900,5126,2721,1574,319,73318
17031816000,3500,2352,665,175,91000
17031816100,5671,2992,1754,236,54602
17031816200,4457,2884,399,73,74281
17031816300,4941,2025,164,20,63973
17031816401,4124,1475,55,0,63326
17031816402,4861,1700,18,0,57279
17031816500,4109,1630,203,5,45705
17031816600,4407,1617,112,60,68154
17031816700,2929,1179,93,198,60531
17031816800,5492,2186,1425,129,73137
17031816900,6552,1032,3968,130,83077
17031817000,4855,432,3094,36,59236
17031817101,4415,181,3828,3,53902
17031817102,2956,186,2480,0,65186
17031817200,4173,374,3244,7,42880
17031817300,2694,432,1379,25,53950
17031817400,4238,1273,732,116,83404
17031817500,3424,766,2224,29,58480
17031817600,3528,392,2632,9,41495
17031817700,5490,293,4361,29,75072
17031817900,6019,773,4605,25,57320
17031818000,4120,1729,1756,204,47348
17031818100,2267,1554,176,92,110208
17031818200,4937,2205,2076,103,103906
17031818300,6217,1523,2953,199,69606
17031818401,3467,1750,1033,210,61667
17031818402,3202,2278,645,93,77667
17031818500,5453,4331,550,137,93161
17031818600,5101,4112,380,130,95404
17031818700,3914,3294,101,48,106063
17031818800,5410,4733,138,53,101771
17031818900,4371,3558,278,179,88203
17031819000,4649,4470,25,20,157188
17031819100,3967,2976,124,0,45205
17031819200,6857,4219,180,367,87722
17031819300,2603,2285,67,26,81993
17031819400,5814,4195,384,102,73333
17031819500,3648,2600,569,6,77475
17031819600,3983,3690,33,22,183068
17031819700,5629,5099,60,53,143542
17031819801,5313,5021,84,46,189861
17031819802,2488,2319,7,28,171250
17031819900,3232,3096,3,60,207692
17031820000,2107,1602,16,374,223250
17031820101,7915,6973,177,438,125607
17031820103,4161,3232,120,50,79108
17031820104,4450,3682,205,79,78088
17031820202,3386,2448,82,16,67664
17031820203,3626,3096,92,117,127823
17031820204,4273,3686,0,151,113218
17031820300,5721,3428,57,373,58529
17031820400,5377,2294,919,1,45515
17031820501,5408,4482,88,107,66194
17031820502,5886,4561,344,93,56108
17031820603,5900,3990,467,95,64243
17031820604,3345,3230,0,0,44462
17031820605,5470,1743,2766,488,50313
17031820606,4026,3325,133,83,88333
17031820700,7074,3605,32,56,61507
17031820800,3764,2680,43,5,76936
17031820901,5007,3678,112,19,66726
17031820902,6020,3700,232,249,95388
17031821001,4797,2638,238,193,53802
17031821002,5165,3977,144,87,64167
17031821101,4713,3467,40,129,76198
17031821102,4811,2739,47,205,72778
17031821200,5557,2342,2308,0,36502
17031821300,5614,2263,2004,95,43783
17031821401,2967,187,2662,0,50306
17031821402,3210,48,2874,0,61510
17031821500,1462,22,1331,0,23000
17031821600,4359,1751,2301,83,74847
17031821700,4956,3905,700,88,90938
17031821800,5310,3209,1284,39,78075
17031821900,5259,3712,725,213,93720
17031822000,4324,3592,66,41,52639
17031822101,4569,4228,118,35,70613
17031822102,4636,2372,902,159,65321
17031822200,3927,2756,115,58,80313
17031822301,3702,3146,61,47,88375
17031822302,4383,3517,236,271,58224
17031822400,6557,5522,239,188,54299
17031822500,4304,3506,229,32,81569
17031822601,4350,3982,81,64,76736
17031822602,7505,5088,1067,497,74231
17031822701,5000,3418,604,222,63990
17031822702,3490,2693,193,58,67568
17031822801,3214,2433,214,148,82742
17031822802,3750,3184,185,71,91691
17031822900,2050,1531,148,16,53750
17031823001,6774,4261,494,216,56234
17031823002,5611,4369,615,49,66486
17031823101,4312,3777,97,102,49425
17031823102,3854,2876,79,14,75210
17031823200,4753,3589,423,226,59899
17031823302,6038,2998,1719,112,49336
17031823303,4059,3230,317,0,78449
17031823304,6316,3811,1923,52,50739
17031823400,4817,2387,1110,75,58944
17031823500,4279,2960,791,18,57660
17031823602,6436,5571,336,209,72837
17031823603,2339,1075,754,0,64263
17031823604,3248,2954,11,87,106250
17031823605,4087,3564,277,41,87458
17031823702,5879,4670,789,202,79805
17031823703,9079,7455,309,534,62337
17031823704,3950,3250,247,29,94109
17031823705,4813,4128,133,75,65403
17031823801,5508,4407,165,509,110671
17031823803,7321,6785,222,191,75482
17031823805,3197,2703,72,61,56923
17031823806,4192,3380,142,295,51943
17031823901,4020,3417,112,62,113205
17031823903,4606,4293,120,0,106694
17031823904,3951,3644,2,19,106607
17031824003,6146,5550,7,104,103117
17031824004,4955,4551,223,131,96914
17031824005,5601,5312,32,119,127061
17031824006,5856,5329,19,203,150985
17031824105,7269,6034,99,593,102859
17031824106,6613,6080,207,214,93739
17031824107,7515,5993,392,107,79442
17031824113,6678,5588,116,206,108239
17031824114,5161,4020,166,835,124125
17031824115,4001,3534,89,309,88041
17031824116,5576,4228,547,423,69020
17031824119,5393,4737,176,186,95697
17031824121,3170,2861,36,49,85122
17031824122,6203,5409,245,178,102676
17031824123,7417,6040,261,179,87393
17031824124,2815,1766,499,194,82592
17031824125,4559,4145,81,131,110560
17031824126,5566,5220,0,259,155069
17031824127,3926,3486,68,85,104833
17031824128,4566,4280,166,14,87734
17031824129,4038,3692,114,80,88101
17031824300,4956,385,4450,22,34087
17031824400,1840,1277,401,23,42891
17031824503,5974,5085,314,136,72772
17031824505,6846,4822,312,822,66810
17031824507,3801,3205,152,73,81196
17031824508,3104,2638,192,32,63065
17031824509,5089,4467,267,138,105650
17031824601,4239,3600,176,62,82660
17031824602,6233,4789,383,237,68021
17031824701,3635,2543,364,40,52222
17031824702,5458,3301,470,0,53467
17031824800,7575,3610,1639,158,52211
17031824900,3071,1167,1765,0,40833
17031825000,4578,3055,369,454,66857
17031825200,2066,1228,306,116,79286
17031825302,5714,4314,726,220,85800
17031825303,4123,3301,337,32,70441
17031825304,4363,3793,13,158,85865
17031825400,5554,3862,374,278,71528
17031825501,5565,375,5096,39,54313
17031825503,6966,711,5854,83,62397
17031825504,3362,303,3023,0,66534
17031825505,5582,347,4853,248,63027
17031825600,5301,698,3803,41,48133
17031825700,4085,876,2594,16,50556
17031825801,3933,185,3548,6,41918
17031825802,7029,439,6352,41,62108
17031825803,5300,444,4738,0,54835
17031825900,3567,484,2559,0,56043
17031826000,2789,1330,834,0,56952
17031826100,5159,1630,3194,0,52797
17031826201,3583,438,2809,0,40684
17031826202,5622,1218,3919,32,44099
17031826301,4364,369,3756,14,64615
17031826303,3835,208,3562,0,58269
17031826304,2931,179,2600,0,49830
17031826401,3745,76,3562,13,51250
17031826402,4711,285,4225,6,44826
17031826500,5608,320,5136,21,46380
17031826600,5027,403,4091,0,40729
17031826700,4420,222,4183,3,34984
17031826800,5029,1832,1546,0,52658
17031826901,1734,242,1306,0,27845
17031826902,1445,209,1236,0,31544
17031827000,3660,86,3485,0,40012
17031827100,2061,234,1570,136,28942
17031827200,3536,1019,2271,0,52619
17031827300,2339,281,1628,132,22269
17031827400,2859,182,2231,0,30562
17031827500,4456,958,1852,12,53036
17031827600,2956,20,2840,0,41494
17031827700,2603,374,2007,2,47569
17031827801,5070,1087,3704,79,70081
17031827802,3093,271,2628,6,93036
17031827804,3174,388,2564,0,61289
17031827805,2767,276,2407,0,84345
17031827901,2121,173,1836,11,94904
17031827902,4232,1154,1983,524,53878
17031828000,5292,2479,2139,51,61330
17031828100,5635,2906,2214,17,57304
17031828201,3569,1343,1875,0,69224
17031828202,5188,1861,2716,61,51658
17031828300,3145,1595,1322,20,56336
17031828401,3650,2025,1360,32,71958
17031828402,3643,1428,1931,68,46645
17031828503,4749,1040,3257,21,51972
17031828504,5365,1339,3539,0,47745
17031828505,7111,2112,3704,78,90387
17031828507,3735,859,2399,0,86058
17031828508,4175,955,2925,0,47692
17031828601,4531,2787,1271,3,88407
17031828602,4306,1666,2276,74,101205
17031828701,4571,1251,3155,0,64643
17031828702,4079,927,2779,31,63811
17031828801,5109,2222,2225,142,104658
17031828802,3079,1880,474,0,77932
17031828900,3904,719,1985,10,61296
17031829000,976,4,905,0,30333
17031829100,3461,535,624,0,32054
17031829200,5590,2122,1741,11,51884
17031829301,4163,1694,2188,0,82863
17031829302,3471,637,1686,0,45369
17031829401,998,25,695,0,33333
17031829402,3126,666,2032,0,44922
17031829500,4022,1561,1321,0,45119
17031829600,2976,2173,167,22,52969
17031829700,3033,1030,1737,85,43862
17031829800,6131,2446,3131,43,126462
17031829902,7310,787,6498,25,82353
17031829903,4376,565,3649,108,69016
17031829904,4336,2011,2056,81,77852
17031830001,2239,1557,117,118,38197
17031830003,8399,382,7538,0,101078
17031830004,6785,729,5856,115,103333
17031830005,3938,750,3095,92,92917
17031830006,2734,404,2017,269,-666666666
17031830007,4828,422,4343,0,56852
17031830008,4261,274,3623,0,100260
17031830100,3304,352,2880,0,91875
17031830201,4841,509,4163,68,41250
17031830202,3721,1085,2559,12,77669
17031830300,5017,835,3803,64,50224
17031830400,3885,1025,2365,0,55783
17031830500,3988,1504,250,0,40736
17031830600,4959,2177,1009,319,59213
17031830700,4081,1979,1368,448,60432
17031830800,2612,2162,107,210,79534
17031830900,2953,2216,81,223,123083
17031831000,2232,2022,21,103,161958
17031831100,7706,5021,123,180,88217
17031831200,4855,1793,341,217,48605
17031831300,1080,56,254,21,46208
17031831400,2805,689,1724,180,35257
17031831500,3885,2422,391,131,66447
17031831600,7313,3567,701,236,51250
17031831700,2182,1393,44,171,40353
17031831800,6981,4116,280,1848,68885
17031831900,3262,2693,48,240,135354
17031832000,1774,1432,58,175,126875
17031832100,3581,2107,1099,112,84016
17031832200,2838,2510,70,97,136882
17031832300,1910,1494,96,103,117015
17031832400,3280,2632,239,192,122372
17031832500,3180,2685,131,106,149000
17031832600,4423,4013,28,158,187857
17031832900,1914,1066,62,733,70022
17031833000,5101,4133,231,445,172750
17031833100,7994,4997,615,1923,135313
17031833300,2843,1301,174,998,69659
17031833900,2817,639,1369,39,35822
17031834000,3146,21,2922,0,36346
17031834200,4988,10,4959,0,57994
17031834300,6442,19,5950,116,56699
17031834400,4045,285,3420,0,35093
17031834500,1434,12,1335,0,34261
17031834600,1587,225,1326,0,25000
17031834700,1094,15,1073,3,24412
17031834800,1737,107,1553,3,18973
17031834900,1012,10,962,0,16574
17031835000,5429,971,2310,44,29966
17031835100,4934,2828,854,21,43203
17031835200,2157,880,136,100,75750
17031835500,1375,52,1194,0,17454
17031835600,838,163,666,1,15043
17031835800,1785,26,1467,0,84904
17031836000,2784,107,2583,23,71776
17031836100,2000,179,1700,0,24306
17031836200,1569,997,124,347,137083
17031836300,1709,677,837,114,57643
17031836400,3891,147,3373,26,26563
17031836500,1730,176,1533,0,50208
17031836600,2329,1260,358,24,61726
17031836700,2259,322,1548,0,40060
17031836800,2634,124,2498,0,17778
17031836900,1879,178,1653,0,-666666666
17031837000,1865,221,1408,1,34688
17031837100,1654,345,1091,21,-666666666
17031837300,2710,114,2471,78,18364
17031837400,2204,148,1899,0,32284
17031837800,2529,658,1636,149,58148
17031838000,2612,680,1535,49,32833
17031838100,1571,593,848,51,15801
17031838200,2000,881,608,387,94464
17031838300,2080,1171,568,297,92118
17031838600,1658,141,1275,3,18976
17031838700,4056,197,3441,0,26105
17031838800,3101,867,1809,0,27143
17031839000,10155,6478,962,1666,103298
17031839100,8363,4417,996,2323,112257
17031839200,2473,453,1382,348,40533
17031839500,1552,259,797,132,-666666666
17031839600,1845,167,1578,0,59688
17031839700,5024,2626,80,1238,82670
17031839800,2703,1876,116,636,71750
17031839900,4759,2976,86,670,92759
17031840000,2731,1278,20,984,99342
17031840100,3116,1029,14,1892,60042
17031840200,2315,589,13,1403,42188
17031840300,3668,1001,117,1319,61131
17031840400,3427,1564,0,1541,66958
17031840700,4116,1079,145,111,76629
17031840800,3373,1009,41,0,43807
17031841000,1089,345,384,321,96000
17031841100,7065,811,112,6050,39356
17031841200,4455,1918,298,44,56667
17031841300,4333,1843,140,141,52246
17031841500,2255,109,2070,11,29250
17031841700,1123,152,412,0,17266
17031841800,2486,41,2285,0,45256
17031841900,6181,3523,1033,1201,120112
17031842000,3058,1229,1087,630,107000
17031842100,6797,1432,3419,173,45318
17031842200,3670,2540,417,347,90078
17031842300,3678,2641,573,214,156815
17031842400,3008,46,2861,56,46723
17031842500,2329,2,2232,48,23884
17031842600,4450,2518,312,462,81712
17031842800,6620,2915,0,222,39808
17031842900,2949,582,1709,131,28125
17031843000,2509,124,2377,0,22500
17031843100,1545,222,1174,13,42656
17031843200,2276,1253,104,37,58162
17031843300,1558,205,1055,25,21583
17031843400,1099,164,717,0,34212
17031843500,10528,2642,6944,14,33906
17031843600,3188,139,3001,10,50725
17031843700,2482,1723,87,204,161739
17031843800,1425,515,628,102,29844
17031843900,3288,258,2765,73,57682
17031844600,2490,118,2193,0,67634
17031844700,1573,114,1092,0,31898
17031980000,0,0,0,0,-666666666
17031980100,0,0,0,0,-666666666
17031990000,0,0,0,0,-666666666
